Shot_ID,Timecode_In,Timecode_Out,Duration_Sec,Shot_Type,Asset_File,Visual_Description,Audio_SFX_Cue,Text_Overlay
SHOT_01,00:00.00,00:01.20,1.20,Close-Up,SHOT_01_2048_Decoy_Screen.png,2048 board tile slides,Tile slide click,"Just another 2048 game?"
SHOT_02,00:01.20,00:02.50,1.30,Close-Up,SHOT_02_Secret_Header_Glitch.png,Header triple-tap glitch,Glitch whoosh + Bass drop,"WRONG."
SHOT_03,00:02.50,00:04.50,2.00,Medium,SHOT_03_Stealth_PIN_Unlock.png,PIN keypad entry 2-0-4-8,Haptic tap,"STEALTH UNLOCK"
SHOT_04,00:04.50,00:06.00,1.50,Medium,SHOT_04_Biometric_Unlock_Screen.png,Biometric fingerprint prompt,Biometric chime,"PRIVATE. FAST. HIDDEN."
SHOT_05,00:06.00,00:08.50,2.50,Close-Up,SHOT_05_LockScreen_Notification.png,System push notification,Pop alert,"Akshara: Reached home ❤️"
SHOT_06,00:08.50,00:11.00,2.50,Full,SHOT_06_Encrypted_Inbox.png,Obsidian encrypted inbox,Synth bass groove,"ZERO-KNOWLEDGE INBOX"
SHOT_07,00:11.00,00:13.50,2.50,Full,SHOT_07_Chat_Conversation.png,Live chat delivery double ticks,Tick tick,"INSTANT DELIVERY"
SHOT_08,00:13.50,00:16.00,2.50,Close-Up,SHOT_08_Voice_Note_Waveform.png,Pulsating 2X audio waveform,Voice sample 2X,"2X VOICE NOTES"
SHOT_09,00:16.00,00:18.50,2.50,Close-Up,SHOT_09_Emoji_Reactions_Burst.png,Floating emoji reaction explosion,Particle pop,"FLOATING REACTIONS"
SHOT_10,00:18.50,00:21.00,2.50,Medium,SHOT_10_Confidential_Note_Vault.png,Confidential birthday surprise note,Glass click,"CONFIDENTIAL NOTES"
SHOT_11,00:21.00,00:23.50,2.50,Medium,SHOT_11_Travel_Tickets_Vault.png,Manali boarding passes in vault,Whoosh,"ENCRYPTED VAULT"
SHOT_12,00:23.50,00:25.50,2.00,Full,SHOT_12_Fullscreen_Media_Viewer.png,View once photo opened,High pulse,"VIEW ONCE MEDIA"
SHOT_13,00:25.50,00:27.50,2.00,Close-Up,SHOT_13_ViewOnce_Active_Countdown.png,03s ephemeral countdown,Clock tick,"03s COUNTDOWN"
SHOT_14,00:27.50,00:28.00,0.50,Full,SHOT_14_ViewOnce_Incinerated_Embers.png,Photo burns to ash and vanishes,Incinerate sizzle,"VANISHED."
SHOT_15,00:28.00,00:28.30,0.30,Full,[Blackout],Cut to black attention reset,Total silence,[Silence]
SHOT_16,00:28.30,00:36.00,7.70,Full,SHOT_15_Shared_Vault_Billboard.png,Golden hour magazine billboard,Warm synth pad,"SOME THINGS ARE WORTH KEEPING."
SHOT_17,00:36.00,00:40.00,4.00,Full,SHOT_16_Themed_Albums_Masonry.png,Curated 3-column album gallery,Swipe chime,"THE SHARED VAULT"
SHOT_18,00:40.00,00:44.00,4.00,Medium,SHOT_17_HalfPage_Media_Inspector.png,50% to 100% inspector sheet,Fluid slide,"FLUID INSPECTOR"
SHOT_19,00:44.00,00:49.00,5.00,Full,SHOT_19_FLAG_SECURE_Hardware_Shield.png,Screenshot blocked hardware shield,Alert hum,"FLAG_SECURE ENFORCED"
SHOT_20,00:49.00,00:52.00,3.00,Full,REC_10_Panic_Escape.mp4,1-Tap panic escape to 2048,Decoy snap,"1-TAP PANIC ESCAPE"
SHOT_21,00:52.00,00:58.00,6.00,Montage,[Frenzy_Montage],24-cut speed ramp montage,Drum rolls,"PRIVATE. FAST. HIDDEN."
SHOT_22,00:58.00,01:00.00,2.00,Full,SHOT_20_Logo_Endcard_Screen.png,3D Games Logo finale,Sub impact,"It was never just a game."
